dataset_label,nct_id,brief_title,lead_sponsor_class,primary_purpose,intervention_types,enrollment,arm_group_count,location_count,country_count,countries,africa_countries,has_africa_site,start_date,primary_completion_date,results_first_post_date,trial_duration_days,results_reporting_lag_days,registration_lead_days,prospectively_registered,has_results_section,has_publication_reference,has_result_reference,pmids,result_pmids,publication_lag_days,speed_score,frugality_score,dissemination_score,overall_efficiency_score
africa,NCT01489527,Preparedness Study - HPV Vaccine,OTHER,PREVENTION,BIOLOGICAL | OTHER,406,2,2,2,South Africa | United States,South Africa,True,2012-09-01,2014-04-01,2015-01-12,577,286,268,True,True,True,False,28480334|28490581,,,78.89,35.28,45.45,56.94
africa,NCT05140954,The Women TAF-FTC Benchmark Study,OTHER,PREVENTION,DRUG,54,3,1,1,Kenya,Kenya,True,2023-03-28,2023-12-19,2025-10-27,266,678,495,True,True,False,False,,,,66.39,46.39,39.2,53.95
africa,NCT01026454,Valacyclovir vs. Acyclovir as HSV-2 Suppressive Therapy: Effect on Plasma HIV-1 Levels Among HIV-1/HSV-2 Co-infected Persons,OTHER,TREATMENT,DRUG,32,2,1,1,Kenya,Kenya,True,2010-02-01,2010-11-01,2014-03-05,273,1220,61,True,True,True,False,12447756|16327322|16896053|21998479,,,54.72,51.53,33.36,49.33
africa,NCT04242992,Effectiveness of Transdiagnostic Cognitive Behavioral Therapy for Improving HIV Treatment Outcomes in South Africa,OTHER,SUPPORTIVE_CARE,BEHAVIORAL | OTHER,399,2,1,1,South Africa,South Africa,True,2021-11-12,2025-05-23,2026-02-19,1288,272,659,True,True,True,False,36549749|41282709|41592903,,,58.05,39.86,35.02,47.08
africa,NCT03875950,Standardized Patient Encounters to Improve PrEP Counseling for Adolescent Girls and Young Women in Kenya,OTHER,HEALTH_SERVICES_RESEARCH,BEHAVIORAL,232,2,1,1,Kenya,Kenya,True,2019-03-02,2021-06-30,2022-10-12,851,469,15,True,True,True,False,32565464,,,52.5,43.33,32.25,45.24
africa,NCT04408729,PrEP My Way: A Novel PrEP Delivery System to Meet the Needs of Young African Women,OTHER,PREVENTION,OTHER,150,2,1,1,Kenya,Kenya,True,2020-08-10,2022-10-26,2024-05-24,807,576,90,True,True,False,False,,,,48.33,45.42,30.16,43.68
africa,NCT04030520,"Improving Uptake and Adherence to HIV Prevention Services With Pre-exposure Prophylaxis (PrEP), HIV Self- Testing and Adherence Support for Very High Risk HIV-negative Young Women Aged 15-24 in Kampala, Uganda",OTHER,PREVENTION,BEHAVIORAL,60,2,1,1,Uganda,Uganda,True,2019-07-08,2020-10-31,2025-07-15,481,1718,0,True,True,False,False,,,,46.11,48.61,29.05,43.57
africa,NCT01146873,Treatment Options for Protease Inhibitor-exposed Children,OTHER,TREATMENT,DRUG,300,4,1,1,South Africa,South Africa,True,2010-07-01,2014-12-01,2016-05-04,1614,520,23,True,True,True,True,26529159|28419200,26529159,337,48.89,36.8,38.45,42.57
africa,NCT02378207,"Safety and Immunogenicity Study of BCG, H4:IC31, and H56:IC31 Revaccination in Healthy Adolescents",OTHER,PREVENTION,BIOLOGICAL,84,4,1,1,South Africa,South Africa,True,2015-05-01,2016-10-31,2019-11-18,549,1113,78,True,True,True,False,32382714,,,47.77,41.25,29.89,41.91
africa,NCT03928418,Mobile Technology to Extend Clinic-based Counseling for HIV+s in Uganda,OTHER,TREATMENT,BEHAVIORAL,272,3,1,1,Uganda,Uganda,True,2019-09-19,2021-08-30,2023-09-14,711,745,162,True,True,True,False,21713433|23007881|23432593|24505411|25276561|36706675|37551890,,,47.22,39.58,29.61,41.02
africa,NCT03557281,"An Early Bactericidal Activity, Safety and Tolerability of GSK3036656 in Subjects With Drug-sensitive Pulmonary Tuberculosis",INDUSTRY,TREATMENT,DRUG,76,5,1,1,South Africa,South Africa,True,2019-03-22,2021-12-03,2023-10-26,987,692,291,True,True,True,False,35876255|38365949,,,39.73,41.11,25.86,37.44
africa,NCT02245022,Safety and Pharmacokinetics of Dolutegravir in Pregnant HIV Mothers and Their Neonates: A Pilot Study,OTHER,TREATMENT,DRUG,60,2,2,2,South Africa | Uganda,South Africa | Uganda,True,2017-03-14,2018-12-06,2025-09-04,632,2464,914,True,True,True,False,31539371|33346335,,,35.55,44.59,23.77,36.36
africa,NCT01775475,Intravenous Chemotherapy or Oral Chemotherapy in Treating Patients With Previously Untreated Stage III-IV HIV-Associated Non-Hodgkin Lymphoma,NETWORK,TREATMENT,DRUG | OTHER,7,2,2,2,Kenya | Zimbabwe,Kenya | Zimbabwe,True,2016-09-15,2021-04-01,2022-10-10,1659,557,1331,True,True,False,False,,,,29.73,50.42,20.87,35.2
africa,NCT03453840,Extended Duration Artemether-lumefantrine Treatment for Malaria in Children,OTHER,TREATMENT,DRUG,305,4,2,1,Uganda,Uganda,True,2018-02-21,2021-08-31,2025-01-03,1287,1221,61,True,True,True,True,36130191|38714692|39853752,36130191|39853752,526,35.8,34.02,31.9,34.4
africa,NCT00414518,Safety and Effectiveness of Short-Term Anti-HIV Drug Therapy for Recent HIV-1 Infection,OTHER,TREATMENT,DRUG,16,2,3,2,United States | Zimbabwe,Zimbabwe,True,2007-01-01,2010-02-01,2013-02-20,1127,1115,13,True,True,True,False,11148221|11817971|12370504|12466762|9466517,,,26.95,48.75,19.48,33.09
africa,NCT02915367,Monitoring Pre-exposure Prophylaxis for Young Adult Women,OTHER,HEALTH_SERVICES_RESEARCH,BEHAVIORAL,348,2,2,1,Kenya,Kenya,True,2016-12-21,2020-03-20,2022-04-08,1185,749,96,True,True,True,False,33662265|35147580,,,33.33,38.33,22.66,32.95
africa,NCT01691768,Implementation Effectiveness and Safety of Tenofovir Gel Provision Through Family Planning Services,NETWORK,PREVENTION,DRUG,372,2,2,1,South Africa,South Africa,True,2012-10-01,2015-04-01,2019-11-26,912,1700,88,True,True,True,False,20643915|25527071|28348164,,,29.17,37.92,20.59,30.52
africa,NCT01298596,Cryotherapy vs. LEEP to Treat Cervical Intraepithelial Neoplasia (CIN) 2/3 Among HIV-positive Women,OTHER,TREATMENT,PROCEDURE,400,2,1,1,Kenya,Kenya,True,2011-06-01,2016-10-01,2019-10-18,1949,1112,105,True,True,True,False,29272368|31638680|34351377,,,16.12,39.58,14.06,23.92
